MachineName,MachineID,MaintenanceDate,MaintenanceDetails
Machine_001,M001,2025-08-02,Routine maintenance task 1
Machine_002,M002,2025-08-03,Routine maintenance task 2
Machine_003,M003,2025-08-04,Routine maintenance task 3
Machine_004,M004,2025-08-05,Routine maintenance task 4
Machine_005,M005,2025-08-06,Routine maintenance task 5
Machine_006,M006,2025-08-07,Routine maintenance task 6
Machine_007,M007,2025-08-08,Routine maintenance task 7
Machine_008,M008,2025-08-09,Routine maintenance task 8
Machine_009,M009,2025-08-10,Routine maintenance task 9
Machine_010,M010,2025-08-11,Routine maintenance task 10
Machine_011,M011,2025-08-12,Routine maintenance task 11
Machine_012,M012,2025-08-13,Routine maintenance task 12
Machine_013,M013,2025-08-14,Routine maintenance task 13
Machine_014,M014,2025-08-15,Routine maintenance task 14
Machine_015,M015,2025-08-16,Routine maintenance task 15
Machine_016,M016,2025-08-17,Routine maintenance task 16
Machine_017,M017,2025-08-18,Routine maintenance task 17
Machine_018,M018,2025-08-19,Routine maintenance task 18
Machine_019,M019,2025-08-20,Routine maintenance task 19
Machine_020,M020,2025-08-21,Routine maintenance task 20
Machine_021,M021,2025-08-22,Routine maintenance task 21
Machine_022,M022,2025-08-23,Routine maintenance task 22
Machine_023,M023,2025-08-24,Routine maintenance task 23
Machine_024,M024,2025-08-25,Routine maintenance task 24
Machine_025,M025,2025-08-26,Routine maintenance task 25
Machine_026,M026,2025-08-27,Routine maintenance task 26
Machine_027,M027,2025-08-28,Routine maintenance task 27
Machine_028,M028,2025-08-29,Routine maintenance task 28
Machine_029,M029,2025-08-30,Routine maintenance task 29
Machine_030,M030,2025-08-01,Routine maintenance task 30
Machine_031,M031,2025-08-02,Routine maintenance task 31
Machine_032,M032,2025-08-03,Routine maintenance task 32
Machine_033,M033,2025-08-04,Routine maintenance task 33
Machine_034,M034,2025-08-05,Routine maintenance task 34
Machine_035,M035,2025-08-06,Routine maintenance task 35
Machine_036,M036,2025-08-07,Routine maintenance task 36
Machine_037,M037,2025-08-08,Routine maintenance task 37
Machine_038,M038,2025-08-09,Routine maintenance task 38
Machine_039,M039,2025-08-10,Routine maintenance task 39
Machine_040,M040,2025-08-11,Routine maintenance task 40
Machine_041,M041,2025-08-12,Routine maintenance task 41
Machine_042,M042,2025-08-13,Routine maintenance task 42
Machine_043,M043,2025-08-14,Routine maintenance task 43
Machine_044,M044,2025-08-15,Routine maintenance task 44
Machine_045,M045,2025-08-16,Routine maintenance task 45
Machine_046,M046,2025-08-17,Routine maintenance task 46
Machine_047,M047,2025-08-18,Routine maintenance task 47
Machine_048,M048,2025-08-19,Routine maintenance task 48
Machine_049,M049,2025-08-20,Routine maintenance task 49
Machine_050,M050,2025-08-21,Routine maintenance task 50
Machine_051,M051,2025-08-22,Routine maintenance task 51
Machine_052,M052,2025-08-23,Routine maintenance task 52
Machine_053,M053,2025-08-24,Routine maintenance task 53
Machine_054,M054,2025-08-25,Routine maintenance task 54
Machine_055,M055,2025-08-26,Routine maintenance task 55
Machine_056,M056,2025-08-27,Routine maintenance task 56
Machine_057,M057,2025-08-28,Routine maintenance task 57
Machine_058,M058,2025-08-29,Routine maintenance task 58
Machine_059,M059,2025-08-30,Routine maintenance task 59
Machine_060,M060,2025-08-01,Routine maintenance task 60
Machine_061,M061,2025-08-02,Routine maintenance task 61
Machine_062,M062,2025-08-03,Routine maintenance task 62
Machine_063,M063,2025-08-04,Routine maintenance task 63
Machine_064,M064,2025-08-05,Routine maintenance task 64
Machine_065,M065,2025-08-06,Routine maintenance task 65
Machine_066,M066,2025-08-07,Routine maintenance task 66
Machine_067,M067,2025-08-08,Routine maintenance task 67
Machine_068,M068,2025-08-09,Routine maintenance task 68
Machine_069,M069,2025-08-10,Routine maintenance task 69
Machine_070,M070,2025-08-11,Routine maintenance task 70
Machine_071,M071,2025-08-12,Routine maintenance task 71
Machine_072,M072,2025-08-13,Routine maintenance task 72
Machine_073,M073,2025-08-14,Routine maintenance task 73
Machine_074,M074,2025-08-15,Routine maintenance task 74
Machine_075,M075,2025-08-16,Routine maintenance task 75
Machine_076,M076,2025-08-17,Routine maintenance task 76
Machine_077,M077,2025-08-18,Routine maintenance task 77
Machine_078,M078,2025-08-19,Routine maintenance task 78
Machine_079,M079,2025-08-20,Routine maintenance task 79
Machine_080,M080,2025-08-21,Routine maintenance task 80
Machine_081,M081,2025-08-22,Routine maintenance task 81
Machine_082,M082,2025-08-23,Routine maintenance task 82
Machine_083,M083,2025-08-24,Routine maintenance task 83
Machine_084,M084,2025-08-25,Routine maintenance task 84
Machine_085,M085,2025-08-26,Routine maintenance task 85
Machine_086,M086,2025-08-27,Routine maintenance task 86
Machine_087,M087,2025-08-28,Routine maintenance task 87
Machine_088,M088,2025-08-29,Routine maintenance task 88
Machine_089,M089,2025-08-30,Routine maintenance task 89
Machine_090,M090,2025-08-01,Routine maintenance task 90
Machine_091,M091,2025-08-02,Routine maintenance task 91
Machine_092,M092,2025-08-03,Routine maintenance task 92
Machine_093,M093,2025-08-04,Routine maintenance task 93
Machine_094,M094,2025-08-05,Routine maintenance task 94
Machine_095,M095,2025-08-06,Routine maintenance task 95
Machine_096,M096,2025-08-07,Routine maintenance task 96
Machine_097,M097,2025-08-08,Routine maintenance task 97
Machine_098,M098,2025-08-09,Routine maintenance task 98
Machine_099,M099,2025-08-10,Routine maintenance task 99
Machine_100,M100,2025-08-11,Routine maintenance task 100
Machine_101,M101,2025-08-12,Routine maintenance task 101
Machine_102,M102,2025-08-13,Routine maintenance task 102
Machine_103,M103,2025-08-14,Routine maintenance task 103
Machine_104,M104,2025-08-15,Routine maintenance task 104
Machine_105,M105,2025-08-16,Routine maintenance task 105
Machine_106,M106,2025-08-17,Routine maintenance task 106
Machine_107,M107,2025-08-18,Routine maintenance task 107
Machine_108,M108,2025-08-19,Routine maintenance task 108
Machine_109,M109,2025-08-20,Routine maintenance task 109
Machine_110,M110,2025-08-21,Routine maintenance task 110
Machine_111,M111,2025-08-22,Routine maintenance task 111
Machine_112,M112,2025-08-23,Routine maintenance task 112
Machine_113,M113,2025-08-24,Routine maintenance task 113
Machine_114,M114,2025-08-25,Routine maintenance task 114
Machine_115,M115,2025-08-26,Routine maintenance task 115
Machine_116,M116,2025-08-27,Routine maintenance task 116
Machine_117,M117,2025-08-28,Routine maintenance task 117
Machine_118,M118,2025-08-29,Routine maintenance task 118
Machine_119,M119,2025-08-30,Routine maintenance task 119
Machine_120,M120,2025-08-01,Routine maintenance task 120
Machine_121,M121,2025-08-02,Routine maintenance task 121
Machine_122,M122,2025-08-03,Routine maintenance task 122
Machine_123,M123,2025-08-04,Routine maintenance task 123
Machine_124,M124,2025-08-05,Routine maintenance task 124
Machine_125,M125,2025-08-06,Routine maintenance task 125
Machine_126,M126,2025-08-07,Routine maintenance task 126
Machine_127,M127,2025-08-08,Routine maintenance task 127
Machine_128,M128,2025-08-09,Routine maintenance task 128
Machine_129,M129,2025-08-10,Routine maintenance task 129
Machine_130,M130,2025-08-11,Routine maintenance task 130
Machine_131,M131,2025-08-12,Routine maintenance task 131
Machine_132,M132,2025-08-13,Routine maintenance task 132
Machine_133,M133,2025-08-14,Routine maintenance task 133
Machine_134,M134,2025-08-15,Routine maintenance task 134
Machine_135,M135,2025-08-16,Routine maintenance task 135
Machine_136,M136,2025-08-17,Routine maintenance task 136
Machine_137,M137,2025-08-18,Routine maintenance task 137
Machine_138,M138,2025-08-19,Routine maintenance task 138
Machine_139,M139,2025-08-20,Routine maintenance task 139
Machine_140,M140,2025-08-21,Routine maintenance task 140
Machine_141,M141,2025-08-22,Routine maintenance task 141
Machine_142,M142,2025-08-23,Routine maintenance task 142
Machine_143,M143,2025-08-24,Routine maintenance task 143
Machine_144,M144,2025-08-25,Routine maintenance task 144
Machine_145,M145,2025-08-26,Routine maintenance task 145
Machine_146,M146,2025-08-27,Routine maintenance task 146
Machine_147,M147,2025-08-28,Routine maintenance task 147
Machine_148,M148,2025-08-29,Routine maintenance task 148
Machine_149,M149,2025-08-30,Routine maintenance task 149
Machine_150,M150,2025-08-01,Routine maintenance task 150
Machine_151,M151,2025-08-02,Routine maintenance task 151
Machine_152,M152,2025-08-03,Routine maintenance task 152
Machine_153,M153,2025-08-04,Routine maintenance task 153
Machine_154,M154,2025-08-05,Routine maintenance task 154
Machine_155,M155,2025-08-06,Routine maintenance task 155
Machine_156,M156,2025-08-07,Routine maintenance task 156
Machine_157,M157,2025-08-08,Routine maintenance task 157
Machine_158,M158,2025-08-09,Routine maintenance task 158
Machine_159,M159,2025-08-10,Routine maintenance task 159
Machine_160,M160,2025-08-11,Routine maintenance task 160
Machine_161,M161,2025-08-12,Routine maintenance task 161
Machine_162,M162,2025-08-13,Routine maintenance task 162
Machine_163,M163,2025-08-14,Routine maintenance task 163
Machine_164,M164,2025-08-15,Routine maintenance task 164
Machine_165,M165,2025-08-16,Routine maintenance task 165
Machine_166,M166,2025-08-17,Routine maintenance task 166
Machine_167,M167,2025-08-18,Routine maintenance task 167
Machine_168,M168,2025-08-19,Routine maintenance task 168
Machine_169,M169,2025-08-20,Routine maintenance task 169
Machine_170,M170,2025-08-21,Routine maintenance task 170
Machine_171,M171,2025-08-22,Routine maintenance task 171
Machine_172,M172,2025-08-23,Routine maintenance task 172
Machine_173,M173,2025-08-24,Routine maintenance task 173
Machine_174,M174,2025-08-25,Routine maintenance task 174
Machine_175,M175,2025-08-26,Routine maintenance task 175
Machine_176,M176,2025-08-27,Routine maintenance task 176
Machine_177,M177,2025-08-28,Routine maintenance task 177
Machine_178,M178,2025-08-29,Routine maintenance task 178
Machine_179,M179,2025-08-30,Routine maintenance task 179
Machine_180,M180,2025-08-01,Routine maintenance task 180
Machine_181,M181,2025-08-02,Routine maintenance task 181
Machine_182,M182,2025-08-03,Routine maintenance task 182
Machine_183,M183,2025-08-04,Routine maintenance task 183
Machine_184,M184,2025-08-05,Routine maintenance task 184
Machine_185,M185,2025-08-06,Routine maintenance task 185
Machine_186,M186,2025-08-07,Routine maintenance task 186
Machine_187,M187,2025-08-08,Routine maintenance task 187
Machine_188,M188,2025-08-09,Routine maintenance task 188
Machine_189,M189,2025-08-10,Routine maintenance task 189
Machine_190,M190,2025-08-11,Routine maintenance task 190
Machine_191,M191,2025-08-12,Routine maintenance task 191
Machine_192,M192,2025-08-13,Routine maintenance task 192
Machine_193,M193,2025-08-14,Routine maintenance task 193
Machine_194,M194,2025-08-15,Routine maintenance task 194
Machine_195,M195,2025-08-16,Routine maintenance task 195
Machine_196,M196,2025-08-17,Routine maintenance task 196
Machine_197,M197,2025-08-18,Routine maintenance task 197
Machine_198,M198,2025-08-19,Routine maintenance task 198
Machine_199,M199,2025-08-20,Routine maintenance task 199
Machine_200,M200,2025-08-21,Routine maintenance task 200
Machine_201,M201,2025-08-22,Routine maintenance task 201
Machine_202,M202,2025-08-23,Routine maintenance task 202
Machine_203,M203,2025-08-24,Routine maintenance task 203
Machine_204,M204,2025-08-25,Routine maintenance task 204
Machine_205,M205,2025-08-26,Routine maintenance task 205
Machine_206,M206,2025-08-27,Routine maintenance task 206
Machine_207,M207,2025-08-28,Routine maintenance task 207
Machine_208,M208,2025-08-29,Routine maintenance task 208
Machine_209,M209,2025-08-30,Routine maintenance task 209
Machine_210,M210,2025-08-01,Routine maintenance task 210
Machine_211,M211,2025-08-02,Routine maintenance task 211
Machine_212,M212,2025-08-03,Routine maintenance task 212
Machine_213,M213,2025-08-04,Routine maintenance task 213
Machine_214,M214,2025-08-05,Routine maintenance task 214
Machine_215,M215,2025-08-06,Routine maintenance task 215
Machine_216,M216,2025-08-07,Routine maintenance task 216
Machine_217,M217,2025-08-08,Routine maintenance task 217
Machine_218,M218,2025-08-09,Routine maintenance task 218
Machine_219,M219,2025-08-10,Routine maintenance task 219
Machine_220,M220,2025-08-11,Routine maintenance task 220
Machine_221,M221,2025-08-12,Routine maintenance task 221
Machine_222,M222,2025-08-13,Routine maintenance task 222
Machine_223,M223,2025-08-14,Routine maintenance task 223
Machine_224,M224,2025-08-15,Routine maintenance task 224
Machine_225,M225,2025-08-16,Routine maintenance task 225
Machine_226,M226,2025-08-17,Routine maintenance task 226
Machine_227,M227,2025-08-18,Routine maintenance task 227
Machine_228,M228,2025-08-19,Routine maintenance task 228
Machine_229,M229,2025-08-20,Routine maintenance task 229
Machine_230,M230,2025-08-21,Routine maintenance task 230
Machine_231,M231,2025-08-22,Routine maintenance task 231
Machine_232,M232,2025-08-23,Routine maintenance task 232
Machine_233,M233,2025-08-24,Routine maintenance task 233
Machine_234,M234,2025-08-25,Routine maintenance task 234
Machine_235,M235,2025-08-26,Routine maintenance task 235
Machine_236,M236,2025-08-27,Routine maintenance task 236
Machine_237,M237,2025-08-28,Routine maintenance task 237
Machine_238,M238,2025-08-29,Routine maintenance task 238
Machine_239,M239,2025-08-30,Routine maintenance task 239
Machine_240,M240,2025-08-01,Routine maintenance task 240
Machine_241,M241,2025-08-02,Routine maintenance task 241
Machine_242,M242,2025-08-03,Routine maintenance task 242
Machine_243,M243,2025-08-04,Routine maintenance task 243
Machine_244,M244,2025-08-05,Routine maintenance task 244
Machine_245,M245,2025-08-06,Routine maintenance task 245
Machine_246,M246,2025-08-07,Routine maintenance task 246
Machine_247,M247,2025-08-08,Routine maintenance task 247
Machine_248,M248,2025-08-09,Routine maintenance task 248
Machine_249,M249,2025-08-10,Routine maintenance task 249
Machine_250,M250,2025-08-11,Routine maintenance task 250
Machine_251,M251,2025-08-12,Routine maintenance task 251
Machine_252,M252,2025-08-13,Routine maintenance task 252
Machine_253,M253,2025-08-14,Routine maintenance task 253
Machine_254,M254,2025-08-15,Routine maintenance task 254
Machine_255,M255,2025-08-16,Routine maintenance task 255
Machine_256,M256,2025-08-17,Routine maintenance task 256
Machine_257,M257,2025-08-18,Routine maintenance task 257
Machine_258,M258,2025-08-19,Routine maintenance task 258
Machine_259,M259,2025-08-20,Routine maintenance task 259
Machine_260,M260,2025-08-21,Routine maintenance task 260
Machine_261,M261,2025-08-22,Routine maintenance task 261
Machine_262,M262,2025-08-23,Routine maintenance task 262
Machine_263,M263,2025-08-24,Routine maintenance task 263
Machine_264,M264,2025-08-25,Routine maintenance task 264
Machine_265,M265,2025-08-26,Routine maintenance task 265
Machine_266,M266,2025-08-27,Routine maintenance task 266
Machine_267,M267,2025-08-28,Routine maintenance task 267
Machine_268,M268,2025-08-29,Routine maintenance task 268
Machine_269,M269,2025-08-30,Routine maintenance task 269
Machine_270,M270,2025-08-01,Routine maintenance task 270
Machine_271,M271,2025-08-02,Routine maintenance task 271
Machine_272,M272,2025-08-03,Routine maintenance task 272
Machine_273,M273,2025-08-04,Routine maintenance task 273
Machine_274,M274,2025-08-05,Routine maintenance task 274
Machine_275,M275,2025-08-06,Routine maintenance task 275
Machine_276,M276,2025-08-07,Routine maintenance task 276
Machine_277,M277,2025-08-08,Routine maintenance task 277
Machine_278,M278,2025-08-09,Routine maintenance task 278
Machine_279,M279,2025-08-10,Routine maintenance task 279
Machine_280,M280,2025-08-11,Routine maintenance task 280
Machine_281,M281,2025-08-12,Routine maintenance task 281
Machine_282,M282,2025-08-13,Routine maintenance task 282
Machine_283,M283,2025-08-14,Routine maintenance task 283
Machine_284,M284,2025-08-15,Routine maintenance task 284
Machine_285,M285,2025-08-16,Routine maintenance task 285
Machine_286,M286,2025-08-17,Routine maintenance task 286
Machine_287,M287,2025-08-18,Routine maintenance task 287
Machine_288,M288,2025-08-19,Routine maintenance task 288
Machine_289,M289,2025-08-20,Routine maintenance task 289
Machine_290,M290,2025-08-21,Routine maintenance task 290
Machine_291,M291,2025-08-22,Routine maintenance task 291
Machine_292,M292,2025-08-23,Routine maintenance task 292
Machine_293,M293,2025-08-24,Routine maintenance task 293
Machine_294,M294,2025-08-25,Routine maintenance task 294
Machine_295,M295,2025-08-26,Routine maintenance task 295
Machine_296,M296,2025-08-27,Routine maintenance task 296
Machine_297,M297,2025-08-28,Routine maintenance task 297
Machine_298,M298,2025-08-29,Routine maintenance task 298
Machine_299,M299,2025-08-30,Routine maintenance task 299
Machine_300,M300,2025-08-01,Routine maintenance task 300
Machine_301,M301,2025-08-02,Routine maintenance task 301
Machine_302,M302,2025-08-03,Routine maintenance task 302
Machine_303,M303,2025-08-04,Routine maintenance task 303
Machine_304,M304,2025-08-05,Routine maintenance task 304
Machine_305,M305,2025-08-06,Routine maintenance task 305
Machine_306,M306,2025-08-07,Routine maintenance task 306
Machine_307,M307,2025-08-08,Routine maintenance task 307
Machine_308,M308,2025-08-09,Routine maintenance task 308
Machine_309,M309,2025-08-10,Routine maintenance task 309
Machine_310,M310,2025-08-11,Routine maintenance task 310
Machine_311,M311,2025-08-12,Routine maintenance task 311
Machine_312,M312,2025-08-13,Routine maintenance task 312
Machine_313,M313,2025-08-14,Routine maintenance task 313
Machine_314,M314,2025-08-15,Routine maintenance task 314
Machine_315,M315,2025-08-16,Routine maintenance task 315
Machine_316,M316,2025-08-17,Routine maintenance task 316
Machine_317,M317,2025-08-18,Routine maintenance task 317
Machine_318,M318,2025-08-19,Routine maintenance task 318
Machine_319,M319,2025-08-20,Routine maintenance task 319
Machine_320,M320,2025-08-21,Routine maintenance task 320
Machine_321,M321,2025-08-22,Routine maintenance task 321
Machine_322,M322,2025-08-23,Routine maintenance task 322
Machine_323,M323,2025-08-24,Routine maintenance task 323
Machine_324,M324,2025-08-25,Routine maintenance task 324
Machine_325,M325,2025-08-26,Routine maintenance task 325
Machine_326,M326,2025-08-27,Routine maintenance task 326
Machine_327,M327,2025-08-28,Routine maintenance task 327
Machine_328,M328,2025-08-29,Routine maintenance task 328
Machine_329,M329,2025-08-30,Routine maintenance task 329
Machine_330,M330,2025-08-01,Routine maintenance task 330
Machine_331,M331,2025-08-02,Routine maintenance task 331
Machine_332,M332,2025-08-03,Routine maintenance task 332
Machine_333,M333,2025-08-04,Routine maintenance task 333
Machine_334,M334,2025-08-05,Routine maintenance task 334
Machine_335,M335,2025-08-06,Routine maintenance task 335
Machine_336,M336,2025-08-07,Routine maintenance task 336
Machine_337,M337,2025-08-08,Routine maintenance task 337
Machine_338,M338,2025-08-09,Routine maintenance task 338
Machine_339,M339,2025-08-10,Routine maintenance task 339
Machine_340,M340,2025-08-11,Routine maintenance task 340
Machine_341,M341,2025-08-12,Routine maintenance task 341
Machine_342,M342,2025-08-13,Routine maintenance task 342
Machine_343,M343,2025-08-14,Routine maintenance task 343
Machine_344,M344,2025-08-15,Routine maintenance task 344
Machine_345,M345,2025-08-16,Routine maintenance task 345
Machine_346,M346,2025-08-17,Routine maintenance task 346
Machine_347,M347,2025-08-18,Routine maintenance task 347
Machine_348,M348,2025-08-19,Routine maintenance task 348
Machine_349,M349,2025-08-20,Routine maintenance task 349
Machine_350,M350,2025-08-21,Routine maintenance task 350
Machine_351,M351,2025-08-22,Routine maintenance task 351
Machine_352,M352,2025-08-23,Routine maintenance task 352
Machine_353,M353,2025-08-24,Routine maintenance task 353
Machine_354,M354,2025-08-25,Routine maintenance task 354
Machine_355,M355,2025-08-26,Routine maintenance task 355
Machine_356,M356,2025-08-27,Routine maintenance task 356
Machine_357,M357,2025-08-28,Routine maintenance task 357
Machine_358,M358,2025-08-29,Routine maintenance task 358
Machine_359,M359,2025-08-30,Routine maintenance task 359
Machine_360,M360,2025-08-01,Routine maintenance task 360
Machine_361,M361,2025-08-02,Routine maintenance task 361
Machine_362,M362,2025-08-03,Routine maintenance task 362
Machine_363,M363,2025-08-04,Routine maintenance task 363
Machine_364,M364,2025-08-05,Routine maintenance task 364
Machine_365,M365,2025-08-06,Routine maintenance task 365
Machine_366,M366,2025-08-07,Routine maintenance task 366
Machine_367,M367,2025-08-08,Routine maintenance task 367
Machine_368,M368,2025-08-09,Routine maintenance task 368
Machine_369,M369,2025-08-10,Routine maintenance task 369
Machine_370,M370,2025-08-11,Routine maintenance task 370
Machine_371,M371,2025-08-12,Routine maintenance task 371
Machine_372,M372,2025-08-13,Routine maintenance task 372
Machine_373,M373,2025-08-14,Routine maintenance task 373
Machine_374,M374,2025-08-15,Routine maintenance task 374
Machine_375,M375,2025-08-16,Routine maintenance task 375
Machine_376,M376,2025-08-17,Routine maintenance task 376
Machine_377,M377,2025-08-18,Routine maintenance task 377
Machine_378,M378,2025-08-19,Routine maintenance task 378
Machine_379,M379,2025-08-20,Routine maintenance task 379
Machine_380,M380,2025-08-21,Routine maintenance task 380
Machine_381,M381,2025-08-22,Routine maintenance task 381
Machine_382,M382,2025-08-23,Routine maintenance task 382
Machine_383,M383,2025-08-24,Routine maintenance task 383
Machine_384,M384,2025-08-25,Routine maintenance task 384
Machine_385,M385,2025-08-26,Routine maintenance task 385
Machine_386,M386,2025-08-27,Routine maintenance task 386
Machine_387,M387,2025-08-28,Routine maintenance task 387
Machine_388,M388,2025-08-29,Routine maintenance task 388
Machine_389,M389,2025-08-30,Routine maintenance task 389
Machine_390,M390,2025-08-01,Routine maintenance task 390
Machine_391,M391,2025-08-02,Routine maintenance task 391
Machine_392,M392,2025-08-03,Routine maintenance task 392
Machine_393,M393,2025-08-04,Routine maintenance task 393
Machine_394,M394,2025-08-05,Routine maintenance task 394
Machine_395,M395,2025-08-06,Routine maintenance task 395
Machine_396,M396,2025-08-07,Routine maintenance task 396
Machine_397,M397,2025-08-08,Routine maintenance task 397
Machine_398,M398,2025-08-09,Routine maintenance task 398
Machine_399,M399,2025-08-10,Routine maintenance task 399
Machine_400,M400,2025-08-11,Routine maintenance task 400
Machine_401,M401,2025-08-12,Routine maintenance task 401
Machine_402,M402,2025-08-13,Routine maintenance task 402
Machine_403,M403,2025-08-14,Routine maintenance task 403
Machine_404,M404,2025-08-15,Routine maintenance task 404
Machine_405,M405,2025-08-16,Routine maintenance task 405
Machine_406,M406,2025-08-17,Routine maintenance task 406
Machine_407,M407,2025-08-18,Routine maintenance task 407
Machine_408,M408,2025-08-19,Routine maintenance task 408
Machine_409,M409,2025-08-20,Routine maintenance task 409
Machine_410,M410,2025-08-21,Routine maintenance task 410
Machine_411,M411,2025-08-22,Routine maintenance task 411
Machine_412,M412,2025-08-23,Routine maintenance task 412
Machine_413,M413,2025-08-24,Routine maintenance task 413
Machine_414,M414,2025-08-25,Routine maintenance task 414
Machine_415,M415,2025-08-26,Routine maintenance task 415
Machine_416,M416,2025-08-27,Routine maintenance task 416
Machine_417,M417,2025-08-28,Routine maintenance task 417
Machine_418,M418,2025-08-29,Routine maintenance task 418
Machine_419,M419,2025-08-30,Routine maintenance task 419
Machine_420,M420,2025-08-01,Routine maintenance task 420
Machine_421,M421,2025-08-02,Routine maintenance task 421
Machine_422,M422,2025-08-03,Routine maintenance task 422
Machine_423,M423,2025-08-04,Routine maintenance task 423
Machine_424,M424,2025-08-05,Routine maintenance task 424
Machine_425,M425,2025-08-06,Routine maintenance task 425
Machine_426,M426,2025-08-07,Routine maintenance task 426
Machine_427,M427,2025-08-08,Routine maintenance task 427
Machine_428,M428,2025-08-09,Routine maintenance task 428
Machine_429,M429,2025-08-10,Routine maintenance task 429
Machine_430,M430,2025-08-11,Routine maintenance task 430
Machine_431,M431,2025-08-12,Routine maintenance task 431
Machine_432,M432,2025-08-13,Routine maintenance task 432
Machine_433,M433,2025-08-14,Routine maintenance task 433
Machine_434,M434,2025-08-15,Routine maintenance task 434
Machine_435,M435,2025-08-16,Routine maintenance task 435
Machine_436,M436,2025-08-17,Routine maintenance task 436
Machine_437,M437,2025-08-18,Routine maintenance task 437
Machine_438,M438,2025-08-19,Routine maintenance task 438
Machine_439,M439,2025-08-20,Routine maintenance task 439
Machine_440,M440,2025-08-21,Routine maintenance task 440
Machine_441,M441,2025-08-22,Routine maintenance task 441
Machine_442,M442,2025-08-23,Routine maintenance task 442
Machine_443,M443,2025-08-24,Routine maintenance task 443
Machine_444,M444,2025-08-25,Routine maintenance task 444
Machine_445,M445,2025-08-26,Routine maintenance task 445
Machine_446,M446,2025-08-27,Routine maintenance task 446
Machine_447,M447,2025-08-28,Routine maintenance task 447
Machine_448,M448,2025-08-29,Routine maintenance task 448
Machine_449,M449,2025-08-30,Routine maintenance task 449
Machine_450,M450,2025-08-01,Routine maintenance task 450
Machine_451,M451,2025-08-02,Routine maintenance task 451
Machine_452,M452,2025-08-03,Routine maintenance task 452
Machine_453,M453,2025-08-04,Routine maintenance task 453
Machine_454,M454,2025-08-05,Routine maintenance task 454
Machine_455,M455,2025-08-06,Routine maintenance task 455
Machine_456,M456,2025-08-07,Routine maintenance task 456
Machine_457,M457,2025-08-08,Routine maintenance task 457
Machine_458,M458,2025-08-09,Routine maintenance task 458
Machine_459,M459,2025-08-10,Routine maintenance task 459
Machine_460,M460,2025-08-11,Routine maintenance task 460
Machine_461,M461,2025-08-12,Routine maintenance task 461
Machine_462,M462,2025-08-13,Routine maintenance task 462
Machine_463,M463,2025-08-14,Routine maintenance task 463
Machine_464,M464,2025-08-15,Routine maintenance task 464
Machine_465,M465,2025-08-16,Routine maintenance task 465
Machine_466,M466,2025-08-17,Routine maintenance task 466
Machine_467,M467,2025-08-18,Routine maintenance task 467
Machine_468,M468,2025-08-19,Routine maintenance task 468
Machine_469,M469,2025-08-20,Routine maintenance task 469
Machine_470,M470,2025-08-21,Routine maintenance task 470
Machine_471,M471,2025-08-22,Routine maintenance task 471
Machine_472,M472,2025-08-23,Routine maintenance task 472
Machine_473,M473,2025-08-24,Routine maintenance task 473
Machine_474,M474,2025-08-25,Routine maintenance task 474
Machine_475,M475,2025-08-26,Routine maintenance task 475
Machine_476,M476,2025-08-27,Routine maintenance task 476
Machine_477,M477,2025-08-28,Routine maintenance task 477
Machine_478,M478,2025-08-29,Routine maintenance task 478
Machine_479,M479,2025-08-30,Routine maintenance task 479
Machine_480,M480,2025-08-01,Routine maintenance task 480
Machine_481,M481,2025-08-02,Routine maintenance task 481
Machine_482,M482,2025-08-03,Routine maintenance task 482
Machine_483,M483,2025-08-04,Routine maintenance task 483
Machine_484,M484,2025-08-05,Routine maintenance task 484
Machine_485,M485,2025-08-06,Routine maintenance task 485
Machine_486,M486,2025-08-07,Routine maintenance task 486
Machine_487,M487,2025-08-08,Routine maintenance task 487
Machine_488,M488,2025-08-09,Routine maintenance task 488
Machine_489,M489,2025-08-10,Routine maintenance task 489
Machine_490,M490,2025-08-11,Routine maintenance task 490
Machine_491,M491,2025-08-12,Routine maintenance task 491
Machine_492,M492,2025-08-13,Routine maintenance task 492
Machine_493,M493,2025-08-14,Routine maintenance task 493
Machine_494,M494,2025-08-15,Routine maintenance task 494
Machine_495,M495,2025-08-16,Routine maintenance task 495
Machine_496,M496,2025-08-17,Routine maintenance task 496
Machine_497,M497,2025-08-18,Routine maintenance task 497
Machine_498,M498,2025-08-19,Routine maintenance task 498
Machine_499,M499,2025-08-20,Routine maintenance task 499
Machine_500,M500,2025-08-21,Routine maintenance task 500
